{"cameraMode":{"drawMode":0,"name":"Shaded","section":"Shading Mode"},"sceneLighting":true,"audioPlay":false,"sceneViewState":{"showFog":true,"showMaterialUpdate":false,"showSkybox":true,"showFlares":true,"showImageEffects":true,"showParticleSystems":true},"in2DMode":false,"pivot":{"x":5.054919719696045,"y":1.8206963539123536,"z":700.5596313476563},"rotation":{"x":-0.009306170977652073,"y":0.026095090433955194,"z":-0.000245810195337981,"w":-0.9996162056922913},"size":3.017324686050415,"orthographic":false}